{
    "Format": "1.13",
  
       "Changes": [


{
"Action": "EditData",
"Target": "Data/Locations",
"Entries": { 
"FairyPool": "257 .5 404 .25 16 .8/259 .9 420 .25/281 .5 404 .6 420 .2/283 .9/734 -1 142 -1 143 -1/734 -1 142 -1 143 -1/734 -1 142 -1 143 -1/734 -1 142 -1 143 -1/390 .25 471 0.75 330 1 ",
"SecretCave": "-1/-1/-1/-1/153 -1 795 -1/153 -1 795 -1/153 -1 795 -1/153 -1 150 -1/471 0.75 390 .25"
},
   "When": {
      "HasMod:MoreFish": false
   }
},
{
"Action": "EditData",
"Target": "Data/Locations",
"Entries": { 
"FairyPool": "257 .5 404 .25 16 .8/259 .9 420 .25/281 .5 404 .6 420 .2/283 .9/734 -1 142 -1 143 -1 1122 -1 1077 -1/734 -1 142 -1 143 -1 1123 -1 1082 -1/734 -1 142 -1 143 -1 1121 -1 1078 -1/734 -1 142 -1 143 -1 1127 -1 1128 -1 1079 -1 1081 -1/471 0.75 390 .25 330 1",
"SecretCave": "-1/-1/-1/-1/153 -1 795 -1/153 -1 795 -1/153 -1 795 -1/153 -1 150 -1/471 0.75 390 .25"

   },
"When": {
   "HasMod:MoreFish": true
}
},
{  "Action": "EditData",
   "Target": "Data/ObjectInformation",
   "Entries": {
      "471": "GoldKey/10/-300/Basic/Gold Key/A simple golden key. What could it open?"
                   }
            },

{
	"LogName": "FairyPool Events", 
	"Action": "Load",
	"Target": "Data/Events/FairyPool",
	"FromFile": "assets/FairyPool.json"
      },
      {
         "LogName": "Secret Cave Events", 
         "Action": "Load",
         "Target": "Data/Events/SecretCave",
         "FromFile": "assets/SecretCave.json"
            },
      

      {	"Action": "EditData",
         "Target": "Data/Events/SecretCave",
         "Entries":{
                  "5295004/n Tristan_Unlocked": "none/15 10/farmer 6 11 0/addTemporaryActor Spirit 16 32 -100 -100 1 false/skippable/pause 500/playSound openChest/pause 500/addObject 6 9 577 1/playSound shiny4/pause 500/speak Spirit \"%You've found a fairy stone! [577]\"/pause 500/end"
                   }
                 },


{
   "Action": "EditData",
   "Target": "Strings/StringsFromMaps",
   "Entries": {
   "FairyPool.001": "There's something carved into the wood here: ^ \"M na < Tri t n 4ever\"",
      "TristanMemorial.001": "In Memory of Tristan. Goodbye, my love... I wish you had got to meet her. You will live forever in our hearts.",
      "SecretCave.001": "It's locked: there's a keyhole in the side.",
      "SecretCave.002": "It's bolted tightly shut. I wonder why it's here?",
      "SecretCave.003": "This seems to be a garden: of toadstools and nightshade. Why would anyone be growing these?",
      "SecretCave.004": "They look like journals or notebooks, but humidity has swollen the pages and they reek of mildew; the handwriting inside cannot be read.",
      "SecretCave.005": "Smells a little like honey and fermented berries. Quite a pleasant aroma.",
      "SecretCave.006": "It's an old newspaper article, faded and yellowed with age, and curled at the edges.^:\"Stardew Valley Tribune, almost a decade ago: Stardew Search and Rescue have called off a search for missing Pelican Town resident, Tristan, three days after he failed to return from a spelunking expedition.^^Tristan, and his girlfriend, Mona, were last seen together on sunday morning, when they are believed to have entered Pelican Town's extensive cave system. Close to midnight, Mona arrived home in what her guardian described as 'a confused and bewildered state'. She is currently receiving medical care for mild hypothermia. \"I don't know what's wrong with her,\" a friend - who wished to remain anonymous - informed us. \"She kept whispering, over and over again, 'I should never have left the cat...' but she doesn't even like cats!\"^The words \"I'm sorry\" are scrawled across it in red crayon.",
      "SecretCave.007": "\"The curse was meant for me. I know it! Triss saved my life AND that of our baby. If it had hit me, would I have had kittens?^^And I just left him there, alone. But nobody believed me. The doctor said I was delirious. That I must have hit my head. And Shane's the absolute WORST!! He's determined to hate Triss. Even though he'd never leave me on purpose. He didn't know! I didn't even know! Yoba, like I would've gone into the caves if I'd known? Why won't anyone believe me?\"^There's some very angry crossing out here. \"What am I supposed to do? Is he still alive? Does he even remember me?^I found something, in those books I 'borrowed' from that man in the tower. If I can find Triss again, there's a counterspell. It's totally corny. Real fairy tale nonsense: not QUITE as bad as True Love's Kiss (TM) (although that might work too) but it still involves love. And the help of the fairies. So something to attract their attention? A scent, perhaps? Maybe one of those stones made from their crushed bones? (or would that just piss them off??). And it'll only work at midnight because spells are dumb like that.^It's all academic anyway, I can't turn him back if I can't find him, and what am I going to do? Adopt every ginger cat in the entire countryside? Then bring them back here and toss them in the pool and hope for the best??!^Cats have good homing instinct don't they? If he remembers who he was, maybe he'll come back to us. IF he remembers...\""
               
   }
},
{  "LogName": "Changes data in caves",
   "Action": "EditMap",
   "Target": "Maps/SecretCave",
   "MapTiles": [
      { "Position": { "X": 6, "Y": 10 }, "Layer": "Buildings",
         "SetProperties": {"Action": "Letter \"SecretCave.007\""    }
                      }
      ],
      "When": {"HasSeenEvent":"5295004"}
               },



/*{
   "Action": "EditData",
   "Target": "Strings/StringsFromMaps",
   "Entries": {
            "SecretCave.001": "You insert the key in the lock. There's a 'click', and it opens.^^Inside are pages ripped from a notebook, dried petals, and a handful of pink sand.^ You pick up the pages: ^\"The curse was meant for me. I know it! She hated me. I could see it in her eyes. He saved my life AND that of our baby. If it had hit me, would I have had kittens?^^And I just left him there, alone. But nobody believed me. The doctor said I was delirious. That I must have hit my head. And Shane's the absolute WORST!! He's determined to hate Triss. Even though Triss would never leave me on purpose. He didn't know! I didn't even know! Yoba, like I would've gone into the caves if I'd known? Why won't anyone believe me?\"^There's some very angry crossing out here. \"What am I supposed to do? Is he still alive out there? Or has he been eaten by a fox or something? Does he even remember me? I hope he's found a family to look after him.^I found something, in those books I 'borrowed' from my dad (yeh, like he wants anything to do with me). If I can find Triss again, there's a counterspell. It's totally corny. Real fairy tale nonsense: not QUITE as bad as True Love's Kiss (TM) (although that might work too) but it still involves love. And the help of the fairies. So something to attract their attention? A scent, perhaps? Maybe one of those stones made from their crushed bones? (or would that just piss them off??). And it'll only work at midnight because spells are dumb like that.^It's all academic anyway, I can't turn him back if I can't find him, and what am I going to do? Adopt every ginger cat in the entire countryside? Then bring them back here and toss them in the pool and hope for the best??!^Cats have good homing instinct don't they? If he remembers who he was, maybe he'll come back to us. IF he remembers...\""
                  },
         "When": {"HasFlag": "Tristan_Key"}
               },*/

//

{  "Action": "EditData",
   "Target": "Data/ObjectInformation",
   "Entries": {
      "471": "Gold Key/10/-300/Basic/Gold Key/A simple golden key. What could it open?"
                   }
            },
            //Add When conditions so this only happens between two events, perhaps?

{
   "LogName": "Marnie reacts",
   "Action": "EditData",
   "Target": "Characters/Dialogue/Marnie",
   "Entries": {
       "TristanGone": "Did I know Tristan? Yes... yes I did... He was friends with Jas's mother, Mona.$2#$b#Oh, did they ever lead each other astray! I should have stopped them, Yoba knows, I tried!#$b#But they were teenagers... too old to do as they were told, and too young to know better.#$b#One day they went into the caves, seeking treasure - or a legend, or Yoba only knows what - and she came out alone, confused, and raving about witches and cats.$2#$b#Marlon and the others scoured the caves, but they couldn't find Tristan - and the search was finally called off.#$b#A few weeks later, Mona told us she was pregnant. Perhaps he knew... perhaps that's why he left. He was always a bit irresponsible."  }
       },
{
"LogName": "Jas reacts",
"Action": "EditData",
"Target": "Characters/Dialogue/Jas",
"Entries": {
      "TristanGone": "You've been in the woods, haven't you? Did you see the fairies? My mom did! She wrote about them in her diary.$3#$b#It's okay that I read it, cos she's dead now, and it's all I've got to know her by.$4#$b#She wrote that the water had magic powers and... and, um, restorative properties.#$b#What do you think that means? Oh!$3#$b#I found this... what do you think it opens?[471]$3"
            }
         },
{
   "LogName": "Mr Ginger reacts",
   "Action": "EditData",
   "Target": "Characters/Dialogue/MisterGinger",
   "Entries": {
         "TristanGone": "I hear you've been exploring the woods. Did you find anything... interesting?$5#$b#Anything about me-me...me-ow...$2#$b#Argh, fleas and lice, I can't talk about it. Talk to Marnie, all right?!"
               }
            },
{
   "LogName": "Shane reacts",
   "Action": "EditData",
   "Target": "Characters/Dialogue/Shane",
   "Entries": {
         "TristanGone": "Tristan? Don't talk to me about that... that... (Shane clenches his fists)$4#$b#He abandoned my pregnant sister, alright? Yeah, I know they said he must've died in the caves...$2#$b#...but if you ask me, he jumped ship and ran off to Zuzu to make a new life for himself.$4"
                     }
                  },
{
   "LogName": "Wizard reacts",
   "Action": "EditData",
   "Target": "Characters/Dialogue/Wizard",
   "Entries": {
         "TristanGone": "You seek knowledge of Tristan? Ah, he was a wildcard, believed himself invincible, and quite led young Mona astray.#$b#But he has learned the truth of that now, I suspect. Yes, indeed. Tristan is here, among us.#$b#He could use your services, @. For the magic flows through your veins, and your affection for him - and his for you - will act in your favour.#$b#The counterspell? I cannot tell you, I'm afraid. My books containing the pertinent knowledge were stolen from me, some years past.#$b#Perhaps you shall have better luck than I at locating them."
            }
         },
{
   "LogName": "Abigail reacts",
   "Action": "EditData",
   "Target": "Characters/Dialogue/Abigail",
   "Entries": {
      "TristanGone": "Of course I remember Tristan! He was kinda cute actually, if you're into bad boy rebels. Not that I was anything more than a kid to him.$1#$b#Why are you asking about him anyway? He's been gone for years. The monsters in the mines ate him. Didn't they?$1"
                        }
                     },
{
   "LogName": "Caroline reacts",
   "Action": "EditData",
   "Target": "Characters/Dialogue/Caroline",
   "Entries": {
      "TristanGone": "Tristan... oh that name brings back memories. He and Mona. Troublemakers through and through. And Abigail... well, she had quite the school-girl crush on him.$2#$b#I wouldn't go asking too many folks about him though. His death, followed only a few years later by Mona's... well, it caused a lot of disconcert around town."
               }
},
{
   "LogName": "Lewis reacts",
   "Action": "EditData",
   "Target": "Characters/Dialogue/Lewis",
   "Entries": {
      "TristanGone": "Right... those kids... they were quite the hellraisers. I'd really rather not talk about them. Best to let them rest in peace, @.$2"
               }
            },
{
   "LogName": "Jasper reacts",
   "Action": "EditData",
   "Target": "Characters/Dialogue/Jasper",
   "Entries": {
      "TristanGone": "Oh yes, I remember Tristan. He was a few years younger than I, and friends with Shane, I believe.$3#$b#I joined Marlon and Rasmodius on the search of the caves. It sorrows me greatly that we never managed to bring him home.$2"
               }
            }

/*Need to change Tristan's spawn point: to stop this being awkward and weird, have him appear on farmer's doorstep the day after his restoration, commenting that he's going to Grampleton to "Set his affairs in order" with an end invisible. This should hopefully render him out of the game long enough for it to recognise that he's now spawning in a different house.
*/



       ]
    }