{
	"Format": "1.14.0", 
"ConfigSchema": {
		"FarmCaveChange": {
			"AllowValues": "true, false",
			"Default": "true"
					  }
	  },

"Changes": [
			
//NPC Data

{
	"LogName": "NPC Manifestation",
	"Action": "EditData",
	"Target": "Data/NPCDispositions", 
	"Entries": { 
		"Jasper": "adult/polite/shy/neutral/male/not-datable/null/Town/fall 8//Museum2 17 4/Jasper"		
					},
			"When": {
				"HasSeenEvent:50709911": false,
				"HasSeenEvent:50709915": false
									}
		},
{
	"LogName": "NPC Manifestation - Jasper Gone",
	"Action": "EditData",
	"Target": "Data/NPCDispositions", 
	"Entries": { 
		"Jasper": "adult/polite/shy/neutral/male/not-datable/null/Town/fall 8//Museum2 23 19/Jasper"		
					},
			"When": {
				"HasSeenEvent:50709911": true,
				"HasSeenEvent:50709915": false
					}
					
				},		
{
	"LogName": "NPC Manifestation - Jasper Returns",
	"Action": "EditData",
	"Target": "Data/NPCDispositions", 
	"Entries": { 
		"Jasper": "adult/polite/shy/neutral/male/datable/null/Town/fall 8//Museum2 17 4/Jasper"		
					},
			"When": {
				"HasSeenEvent:50709911": true,
				"HasSeenEvent:50709915": true
									}
	},		

//Gift Tastes and other details

{	
	"LogName": "NPC Gift Tastes",
	"Action": "EditData",
	"Target": "Data/NPCGiftTastes",
	"Entries": {
		"Jasper": "Thank you! You truly are most generous!/72 82 243 108 121 122 258 613 563 564/Thank you! This shall be excellent for my research./96 97 98 99 459 -2 -12/I'll find a use for this. I guess./440 209/Are you mocking me? Surely this is trash!/346 2/Thank you!//",
		"Gunther": "Many thanks! This is just what I needed./72 82 243 108 121 122 258 613 563 564/Excellent! This will certainly come in handy./96 97 98 99 459 -2 -12/Well, I'm not a fan, but thanks anyway./440 209/This is unpleasant./346 2/Thanks!//"

				      }
		},
{
	"LogName": "Animations",
	"Action": "EditData",
	"Target": "Data/animationDescriptions",
	"Entries": {
		"Jasper_Booze": "16 17/18 19/17 16/Strings\\animationDescriptions:Jasper_Booze",
		"Jasper_Read": "22/21 21 21 21 21 21 21 21 21 21 21 21 21 21 21 21 21 20 20 20 20 20 20 20 20 20 20/22/Strings\\animationDescriptions:Jasper_Read",
		"Jasper_Sleep": "51/51/51",
		"Jasper_Exercise": "0/16 16 16 16 17 17 17 17 16 16 16 16 17 17 17 17 16 16 16 16 17 17 17 17 16 16 16 16 16 16 16 16 18 18 18 18 16 16 16 16 18 18 18 18 16 16 16 16 18 18 18 18 16 16 16 16/0"
	   			}
		},
{
	"LogName": "Animation strings",
	"Action": "EditData",
	"Target": "Strings/animationDescriptions",
	"Entries": {
		"Jasper_Booze": "A toast to our friendship, @!",
		"Jasper_Read": "Oh, hello there @! I was just reading about the lore of Stardew Valley. But I shan't bore you with details, I'm sure you've better things to do than listen to me rabbit on.$1"
				}
		},
{
	"LogName": "Animation strings",
	"Action": "EditData",
	"Target": "Strings/animationDescriptions",
	"Entries": {
		"Jasper_Read": "...oh, that's a ridiculous claim! There's no evidence to support it whatsover! Oh, hello @, sorry. Just reading the works of the 'esteemed' Professor Peasbody.$5"
				},
			"When": {
			"Season": "Summer",
			"HasSeenEvent:50709921": false
				}	
		},
{
	"LogName": "Animation strings",
	"Action": "EditData",
	"Target": "Strings/animationDescriptions",
	"Entries": {
		"Jasper_Read": "...oh, I suppose... I admit it... There is some value in your claim. Oh hello @. Sorry! I was just reading Cameron's latest 'epiphanies'.$1"
				},
			"When": {
			"Season": "Summer",
			"HasSeenEvent:50709921": true
				}	
		},
{
	"LogName": "Animation strings",
	"Action": "EditData",
	"Target": "Strings/animationDescriptions",
	"Entries": {
		"Jasper_Read": "Nothing like indulging in a bit of light reading on a cold winter day. It's my guilty pleasure."
							},
			"When": {
			"Season": "Winter"
						}
						},
{
	"LogName": "Animation strings",
	"Action": "EditData",
	"Target": "Strings/animationDescriptions",
	"Entries": {
		"Jasper_Read": "Hello @! Have you read Mr. Elliot's book? The writing style is somewhat unsophisticated, but it is quite the page turner!"
							},
			"When": {
				"Season": "Winter",
				"HasSeenEvent": "1848481"
							}
					},
	
{
	"LogName": "Animation strings",
	"Action": "EditData",
	"Target": "Strings/animationDescriptions",
	"Entries": {
		"Jasper_Read": "Greetings @! I am delving into this fascinating perspective on the Gotoran conflict."
							},
			"When": {
				"Season": "Fall"
						}
		},

{
	"LogName": "Animation strings",
	"Action": "EditData",
	"Target": "Strings/animationDescriptions",
	"Entries": {
		"Jasper_Read": "Ah, foul weather is a fine excuse to undertake some 'research', don't you think?$1"
							},
				"When": {
					"Weather": "Rain, Storm"
					}
},
{
	"LogName": "Animation strings",
	"Action": "EditData",
	"Target": "Strings/animationDescriptions",
	"Entries": {
		"Jasper_Read": "Ah, foul weather is a fine excuse to undertake some 'research', don't you think? Okay, I confess. It is one of Gunther's paperbacks.$3"
							},
				"When": {
					"Weather": "Rain, Storm",
					"HasSeenEvent:50709911": true
					}
},

//Schedule

{
	"LogName": "Schedule Dialogue", 
	"Action": "Load",
	"Target": "Strings/schedules/Jasper",
	"FromFile": "assets/Schedule/ScheduleDialogue.json"
		},
{
	"LogName": "Schedule - pre-accident", 
	"Action": "Load",
	"Target": "Characters/schedules/Jasper",
	"FromFile": "assets/Schedule/Schedule.json",
	"When": {
		"HasSeenEvent:50709911": false
		}	
	},
	{
		"LogName": "Schedule - pre-accident", 
	"Action": "EditData",
	"Target": "Characters/schedules/Jasper",
	"Entries": {
	"Fri": "610 Museum2 18 13 0/0930 Museum2 12 13 2 Jasper_Read/1300 AdventureGuild 5 13 0 \"Strings\\schedules\\Jasper:004\"/1630 ArchaeologyHouse 22 4 2"
							},
	"When": {
		"HasSeenEvent:50709911": false,
		"HasMod:FlashShifter.StardewValleyExpandedALL": true
		}	
	},

{
	"LogName": "Schedule - recovery", 
	"Action": "Load",
	"Target": "Characters/schedules/Jasper",
	"FromFile": "assets/Schedule/Schedule2.json",
		"When": {
			"HasSeenEvent:50709915": true,
			"HasSeenEvent:50709920": false
			}	
		},
{
	"LogName": "Schedule - final", 
	"Action": "Load",
	"Target": "Characters/schedules/Jasper",
	"FromFile": "assets/Schedule/Schedule3.json",
		"When": {
			"HasSeenEvent:50709920": true
			}	
		},
{
	"LogName": "Schedule - if East Scarpe installed", 
	"Action": "EditData",
	"Target": "Characters/schedules/Jasper",
	"Entries": {
	"Sat": "610 Museum2 18 13 0/930 Museum2 12 14 2 Jasper_Exercise \"Strings\\schedules\\Jasper:008\"/1100 EastScarpe 31 97 2 \"Strings\\schedules\\Jasper:saturday.001\"/1630 ArchaeologyHouse 22 4 2"
				},
	"When": {
		"HasSeenEvent:50709920": true,
		"HasMod":"LemurKat.EastScarpe.TMX"
		}	
	},

	{
		"LogName": "Schedule - post accident, after marriage", 
	"Action": "EditData",
	"Target": "Characters/schedules/Jasper",
	"Entries": {
		"marriage_Fri": "900 Town 50 22 \"Strings\\schedules\\Jasper:marriage_{{Random:To4, To5, To6}}\"/1300 AdventureGuild 5 13 3 \"Strings\\schedules\\Jasper:marriage_{{Random:Adv1, Adv2, Adv3}}\"/1630 ArchaeologyHouse 4 10 0 \"Strings\\schedules\\Jasper:marriage_{{Random:AH1, AH2, AH3}}\"/2030 BusStop -1 23 3"
							},
	"When": {
		"HasSeenEvent:50709920": true,
		"HasSeenEvent:55990004": false,
		"HasMod:FlashShifter.StardewValleyExpandedALL": true
		}	
	},
		
//Portraits and Sprites

{
	"LogName": "Jasper Portraits", 
	"Action": "Load",
	"Target": "Portraits/Jasper",
	"FromFile": "assets/Image/Jasper-portrait.png"		
		},
{	"LogName": "Jasper Portraits - wheelchair", 
	"Action": "EditImage",
	"Target": "Portraits/Jasper",
	"FromFile": "assets/Image/Jasper_wheelchair_portrait.png",			
	"When": {
				"HasSeenEvent:50709911": true,
				"HasSeenEvent:50709915": true,
				"HasSeenEvent:50709930": false
							}
			},
{	"LogName": "Jasper Portrait - prosthetic", 
	"Action": "EditImage",
	"Target": "Portraits/Jasper",
	"FromFile": "assets/Image/Jasper_prosthetic_portrait.png",			
	"When": {
				"HasSeenEvent:50709930": true,
				"Season": "spring, summer, fall"
										}
						},
		
{		
	"LogName": "Jasper Sprites", 
	"Action": "Load",
	"Target": "Characters/Jasper",
	"FromFile": "assets/Image/Jasper.png"
},
{		
	"LogName": "Jasper Sprites - Jasper Gone", 
	"Action": "EditImage",
	"Target": "Characters/Jasper",
	"FromFile": "assets/Image/JasperGone.png",			
		"When": {
			"HasSeenEvent:50709911": true,
			"HasSeenEvent:50709915": false
					}
	},
{		
	"LogName": "Jasper Sprites - wheelchair", 
	"Action": "EditImage",
	"Target": "Characters/Jasper",
	"FromFile": "assets/Image/Jasper-wheelchair.png",			
		"When": {
			"HasSeenEvent:50709911": true,
			"HasSeenEvent:50709915": true,
			"HasSeenEvent:50709930": false
							}
			},
{		
	"LogName": "Jasper Sprites - prosthetic", 
	"Action": "EditImage",
	"Target": "Characters/Jasper",
	"FromFile": "assets/Image/Jasper-prosthetic.png",			
		"When": {
			"HasSeenEvent:50709930": true,
			"Season": "spring, summer, fall"
									}
					},
{		
	"LogName": "Jasper Sprites - winter", 
	"Action": "EditImage",
	"Target": "Characters/Jasper",
	"FromFile": "assets/Image/Jasper-winter.png",			
		"When": {
			"HasSeenEvent:50709930": true,
			"Season": "winter"
									}
					},
{	"LogName": "Jasper Portrait - prosthetic", 
	"Action": "EditImage",
	"Target": "Portraits/Jasper",
	"FromFile": "assets/Image/Jasper_winter_portrait.png",			
	"When": {
				"HasSeenEvent:50709930": true,
				"Season": "winter"
										}
						},


// Removing Jasper from festivals when he is absent	

{	"LogName": "Remove Jasper from Egg Festival",
    "Action": "EditMap",
    "Target": "Maps/Town-EggFestival",
    "MapTiles": [
        {
            "Position": { "X": 34, "Y": 57 },
            "Layer": "Set-Up",
            "Remove": true
		 }
		],
	"When": {
			"HasSeenEvent:50709911": true,
			"HasSeenEvent:50700915": false
						}
		},
{	"LogName": "Remove Jasper from Spring Dance",
	"Action": "EditMap",
	"Target": "Maps/Forest-FlowerFestival",
	"MapTiles": [
	{
		"Position": { "X": 4, "Y": 29 },
		"Layer": "Set-Up",
		"Remove": true
		 },
	{
		"Position": { "X": 4, "Y": 29 },
		"Layer": "MainEvent",
		"Remove": true
		 }
	],
	"When": {
		"HasSeenEvent:50709911": true,
		"HasSeenEvent:50709915": false
		}
	},
{	"LogName": "Remove Jasper from Luau",
	"Action": "EditMap",
	"Target": "Maps/Beach-Luau",
	"MapTiles": [
	{
	"Position": { "X": 11, "Y": 39 },
	"Layer": "Set-Up",
	"Remove": true
		 }
	],
	"When": {
		"HasSeenEvent:50709911": true,
		"HasSeenEvent:50709915": false
		}
},
{	"LogName": "Remove Jasper from Jellies",
	"Action": "EditMap",
	"Target": "Maps/Beach-Jellies",
	"MapTiles": [
	{
	"Position": { "X": 88, "Y": 40 },
	"Layer": "Set-Up",
	"Remove": true
		}
	],
		"When": {
				"HasSeenEvent:50709911": true,
				"HasSeenEvent:50709915": false
				}
	},		
{	"LogName": "Remove Jasper from Fair",
	"Action": "EditMap",
	"Target": "Maps/Town-Fair",
	"MapTiles": [
		{
	"Position": { "X": 38, "Y": 77 },
	"Layer": "Set-Up",
	"Remove": true
		}
	],
		"When": {
			"HasSeenEvent:50709911": true,
			"HasSeenEvent:50709915": false
						}
	},	
{	"LogName": "Remove Jasper from Spirit's Eve",
	"Action": "EditMap",
	"Target": "Maps/Town-Halloween",
	"MapTiles": [
		{
		"Position": { "X": 27, "Y": 56 },
		"Layer": "Set-Up",
		"Remove": true
		 }
		],
			"When": {
				"HasSeenEvent:50709911": true,
				"HasSeenEvent:50709915": false
							}
		},
{	"LogName": "Remove Jasper from Ice Festival",
	"Action": "EditMap",
	"Target": "Maps/Forest-IceFestival",
	"MapTiles": [
		{
		"Position": { "X": 10, "Y": 44 },
		"Layer": "Set-Up",
		"Remove": true
				 }
				],
					"When": {
						"HasSeenEvent:50709911": true,
						"HasSeenEvent:50709915": false
									}
				},	
{	"LogName": "Remove Jasper from Ice Festival",
	"Action": "EditMap",
	"Target": "Maps/Town-Christmas",
	"MapTiles": [
		{
		"Position": { "X": 33, "Y": 71 },
		"Layer": "Set-Up",
		"Remove": true
		 }
	],
	"When": {
			"HasSeenEvent:50709911": true,
			"HasSeenEvent:50709915": false
													}
								},		

//Dialogue

{	"LogName": "Rainy Day Dialogue",
	"Action": "EditData",
	"Target": "Characters/Dialogue/rainy",
	"Entries": {
			"Jasper": "The sound of rain upon the roof is so restful, don't you think? A good, do very little kind of day."
					}
			},
{
	"LogName": "Dialogue", 
	"Action": "Load",
	"Target": "Characters/Dialogue/Jasper",
	"FromFile": "assets/Dialogue/Dialogue-Jasper.json"
},

{
	"LogName": "Dialogue", 
	"Action": "Load",
	"Target": "Characters/Dialogue/MarriageDialogueJasper",
	"FromFile": "assets/Dialogue/MarriageDialogue.json"
},
{
	"LogName": "Recovery Dialogue", 
	"Action": "EditData",
	"Target": "Characters/Dialogue/Jasper",
	"FromFile": "assets/Dialogue/Recovery.json",
	"When": {
		"HasSeenEvent:50709915": true
					}
	},
{
	"LogName": "RivalHearts Dialogue", 
	"Action": "EditData",
	"Target": "Characters/Dialogue/Jasper",
	"FromFile": "assets/Dialogue/RivalHearts.json",
	"When": {
		"HasSeenEvent:50709921": true
				}
		},
{
	"LogName": "Jasper has a crush on farmer Dialogue", 
	"Action": "EditData",
	"Target": "Characters/Dialogue/Jasper",
	"FromFile": "assets/Dialogue/JasperDating.json",
	"When": {
		"HasSeenEvent:50709921": true,
		"Relationship:Jasper": "Dating, Engaged"
		
			}
		},
{
	"LogName": "Farmer and Cameron crush Dialogue", 
	"Action": "EditData",
	"Target": "Characters/Dialogue/Jasper",
	"FromFile": "assets/Dialogue/PolyOptions.json",
	"When": {
		"HasSeenEvent:50709921": true,
		"HasDialogueAnswer": "5070124",
		"Relationship:Jasper": "Dating, Engaged"

			}
		},
		{
			"LogName": "Bouquet Denying when dating", 
			"Action": "EditData",
			"Target": "Characters/Dialogue/Jasper",
			"Entries": {
				"refusal_knownA": "Oh! This is very sudden... I... I care for you a lot, @. But... can we move a bit slower, please?$2#$b#You might grow tired of me yet!$4",
				"refusal_knownB": "Oh, my mind is all a buzz... Not so long ago I was married to my research. Please, give me a little more time.$2",
				"refusal_botherA": "I need a little more time to consider this. And what it means. Sorry.$2",
				"refusal_botherB": "Oh, @. Why are you so determined to shackle yourself to an old fool like me? I care for you deeply, but please be patient.$4"
			},
			"When": {
				"Relationship:Jasper": "Dating"
		
					}
				},

{
	"LogName": "Engagement Dialogue",
	"Action": "EditData",
	"Target": "Data/EngagementDialogue",
		  "Entries": {
	  "Jasper0": "I still cannot believe you really want to marry me! Oh, @! I shall be honored to be your husband.#$b#Everything's under control! No need to fret!",
	  "Jasper1": "Oh @. I am so excited for us to be starting a life together. I love you, you know.$4"
	}
  }, 


//Visiting Dr Harvey 

{				
	"LogName": "Schedule - Visiting Harvey", 
	"Action": "EditData",
	"Target": "Characters/schedules/Harvey",
	"Entries": {
		"Thu": "730 Hospital 1 5 0/900 Hospital 4 5 1 \"Strings\\schedules\\Harvey:009\"/1250 Hospital 10 14 2/1330 Hospital 5 5 2/1410 Hospital 5 6 3 harvey_examine_left/1550 Hospital 5 5 2/1610 Hospital 4 5 0/1630 Hospital 3 15 0/1800 HarveyRoom 9 5 0/2300 HarveyRoom 13 4 1 harvey_sleep"
			},
		"When": {
		"HasSeenEvent:50709915": true,
		"HasSeenEvent:50709930": false
			}	
},
{	
	"LogName": "Schedule Dialogue for Harvey", 
	"Action": "EditData",
	"Target": "Strings/schedules/Harvey",
	"Entries": {
			"009": "The wound looks to be healing well.$3"
				}				
		},

//Temp Actors and locations for Events

{		
	"LogName": "Amber Junimo Temp Actor", 
	"Action": "Load",
	"Target": "Characters/JunimoAmber",
	"FromFile": "assets/Image/JunimoAmber.png"			
},
{
	"LogName": "Mines map", 
	"Action": "Load",
	"Target": "Maps/MineIce",
	"FromFile": "assets/Image/MineIce.tmx"
		},
{
	"LogName": "Mines map", 
	"Action": "Load",
	"Target": "Characters/InjuredJasper",
	"FromFile": "assets/Image/InjuredJasper.png"
				},
{
	"Action": "Load",
	"Target": "Characters/Cameron",
	"FromFile": "assets/Image/Cameron-sprites.png"
			},

{
	"Action": "Load",
	"Target": "Portraits/Cameron",
	"FromFile": "assets/Image/Cameron-portraits.png"
			},

{		
	"LogName": "Jade Junimo Temp Actor", 
	"Action": "Load",
	"Target": "Characters/JunimoJade",
	"FromFile": "assets/Image/JunimoJade.png"			
},

{
	"Action": "Load",
	"Target": "Maps/FairyPoolPicnic",
	"FromFile": "assets/Image/FairyPoolPicnic.tbin"
		},

{
	"Action": "Load",
	"Target": "Characters/JasperClothes",
	"FromFile": "assets/Image/clothes.png"
				},
{
	"Action": "Load",
	"Target": "Characters/Jasper_Swimsuit",
					"FromFile": "assets/Image/Jasper-swimsuit.png"
						},



//Events

{	
	"LogName": "Cindersap Events", 
	"Action": "EditData",
	"Target": "Data/Events/Forest",
	"Entries": {
		"50709910/f Jasper 1000/w sunny/p Jasper": "continue/83 100/Jasper 77 99 2 farmer 82 97 2/skippable/AddTemporaryActor JunimoAmber 16 32 78 96 2 false/showFrame Jasper 32/pause 1500/move farmer 0 2 3/pause 1500/playSound grassyStep/showFrame Jasper 33/speak Jasper \"Oh, good afternoon, @! 'Tis a lovely day, is it not?\"/pause 500/move farmer -4 0 3/pause 500/showFrame Jasper 4/pause 500/speak Jasper \"I do enjoy taking a walk in the fresh air. Stardew Valley is something special, don't you think?\"/emote farmer 32/pause 500/speak Jasper \"Come, @. Close your eyes.\"/faceDirection Jasper 2/pause 500/showFrame Jasper 32/faceDirection farmer 2/pause 500/speak Jasper \"Breathe deep. Fill your senses with the valley.$3#$b#There is so much life here.$3\"/pause 2000/playSound leafrustle/pause 1500/emote farmer 8/pause 500/faceDirection farmer 3/pause 500/playSound junimoMeep1/pause 500/move JunimoAmber 1 0 2/faceDirection farmer 0/move JunimoAmber 0 2 2/animate JunimoAmber false false 250 20 21 22 23 20 21 22 23/pause 1500/emote farmer 16/pause 1500/faceDirection farmer 3/pause 500/faceDirection farmer 0/animate JunimoAmber false false 250 16 17 18 19 16 17 18 19/pause 500/showFrame Jasper 33/pause 500/showFrame Jasper 4/emote Jasper 8/pause 500/jump JunimoAmber 3/playSound junimoMeep1/speed JunimoAmber 7/move JunimoAmber 0 -2 3/speed JunimoAmber 7/move JunimoAmber -1 0 2/playSound leafrustle/pause 500/faceDirection Jasper 0/pause 1000/faceDirection farmer 3/faceDirection Jasper 1/speak Jasper \"I could have sworn I saw something...#$b#Well, never mind.\"/pause 1500/faceDirection Jasper 2/faceDirection farmer 2/speak Jasper \"Stardew Valley is more than just a place on the map. It is alive. Every tiny insect that scuttles, every rustle in the leaves...#$b#$q 50700436 null#But there is more than that too.#$r 50700437 50 spiritquest_Yes#Yes, I feel it too.#$r 50700437 0 spiritquest_Neu#I thought you were a scientist!#$r 50700438 -50 spiritquest_No#I don't believe any of that spiritual nonsense.\"/pause 500/showFrame Jasper 33/pause 500/speak Jasper \"Thank you for your company, @. It has been a pleasure speaking with you.\"/pause 500/showFrame Jasper 32/pause 1500/faceDirection farmer 3/pause 500/faceDirection farmer 1/move farmer 4 0 0/pause 500/faceDirection farmer 3/pause 500/emote farmer 60/move farmer 0 -3 0/pause 500/playSound junimoMeep1/showFrame Jasper 33/jump Jasper 2/pause 500/faceDirection Jasper 0/emote Jasper 8/pause 1000/end"
	}
},
{
	"LogName": "Museum2 Events", 
	"Action": "Load",
	"Target": "Data/Events/Museum2",
	"FromFile": "assets/Museum2.json"
		},
{
	"LogName": "Farm Events and mail", 
	"Action": "EditData",
	"Target": "Data/Events/Farm",
	"Entries": {
		"50709911/t 600 1130/f Jasper 1500/e 50709910/e 50709900": "sappypiano/64 15/farmer 64 16 2 Jasper 64 18 0/addConversationTopic JasperGone1 7/addConversationTopic JasperGone2 10/pause 1500/speak Jasper \"Um, good morning, @. I just thought I'd drop by and let you know I'll be gone for a while.$4\"/pause 500/emote farmer 8/pause 500/speak Jasper \"Yes... I have decided that the only way I can restore my reputation - (and prove Peasbody wrong!) - is to find the dwarves.\"/pause 500/emote farmer 16/pause 500/speak Jasper \"Please do not fear for my safety, @. I have entered the caves on many an occasion - and I know how to use my sword.\"/pause 500/faceDirection Jasper 3/pause 500/emote Jasper 28/pause 500/faceDirection Jasper 0/pause 500/speak Jasper \"I wanted you to have this as a small token of my esteem, and gratitude for our friendship.$4 [275]#$b#In case... well...$s\"/pause 500/faceDirection Jasper 1/pause 500/faceDirection Jasper 0/pause 500/speak Jasper \"No, I shall be back! I shall return with evidence that will wipe that knowing smirk from Peasbody's face.$5\"/emote farmer 28/pause 500/speak Jasper \"Thank you, @. For all that you have done for me. And, if Yoba wills it, I shall see you in a few days.#$b#Fare thee well, my friend.\"/pause 500/end invisible Jasper",
		"50709912/e 50709911/t 600 1130/A JasperGone1": "none/64 15/farmer 64 16 2 Gunther 64 18 0/skippable/pause 1500/speak Gunther \"Ah, good morning Mr. @!^Ah, good morning, Ms. @!#$b#I'm sorry to interrupt your day, but I am very concerned about our mutual friend.\"/pause 500/emote farmer 8/pause 500/speak Gunther \"I mean our foolhardy Professor Jasper... I tried to caution him against heading into the caves alone... but he insisted.\"/pause 500/faceDirection Gunther 2/pause 500/faceDirection Gunther 0/pause 500/speak Gunther \"The caves are dangerous - as I am sure you will testify, @! And I'm worried something terrible has happened to him.\"/pause 500/emote farmer 28/pause 500/speak Gunther \"I have heard that you have ventured into the depths. So please, keep watch for him.\"/pause 500/emote farmer 60/pause 500/end",
		"50709913/e 50709911/A JasperGone2/x Jasper_Peasbody1 true": "null",
		"50709915/e 50709914/A JasperHurt/x Jasper_Home true": "null",
		"50709916/e 50709915/A JasperHome1/x Jasper_Home1 true": "null",
		"50709929/e 50709919/A JasperHomeA/x Jasper_HomeA true": "null",
		"50709930/e 50709920/x Jasper_HomeB true": "null",
		"50709932/e 50709921/f Jasper 2500/z winter/z fall/x Jasper_Picnic true": "null"
			}
		},
{   "Action": "EditData",
	"Target": "Data/mail",
	"Entries":{ 
		"Jasper_Peasbody1": "Hello farmer,^We've never met, but I'm reaching out to you because I'm concerned about our mutual friend, Prof. Jasper Thomas. He's a hot-headed fanatic, and I've heard rumors that he's gone off into the caves following a 'white rabbit' - and, in all likelihood, got himself killed. Despite what I'm sure he's told you (since we parted rather unamicably), I've never wished harm upon him. But then again... he was always a bit of a stubborn fool, and never inclined to leave well alone what should be left alone!^I'm sorry, this isn't a threat! It's merely an expression of concern. Please, if you've found him - alive or dead - I'd appreciate you letting me know. Because we were friends once and, truth be told, I still care for the pig-headed fool.^^Regards, ^Professor Cameron Peasbody.[#]Peasbody's Letter",
		"Jasper_Home": "Greetings @,^I am truly indebted to you. That you would find me, and bring me home. Or what is left of me. The infection has left me a shadow of my former self, and the injury was as dire as I feared... I hope it shall not come as too much as a shock to you, my friend.^^I shall be home tomorrow, into what Gunther has uncharitably labelled \"house arrest\". I suspect I shall achieve a great deal of writing, and possibly some reading too.^^Your company would, as always, be greatly appreciated.^^Best wishes, Jasper. %item conversationTopic TalkJasperHome 7 %% [#]Jasper is home.",	
		"Jasper_Home1": "Dear @.^House arrest is starting to get tiresome. I miss the scent and the sound of the forest. I am becoming more adept with the wheelchair now, but alas it is problematic ascending and descending the stairs - for which Gunther has been very courteous in assisting - and once outside the ground proves treacherous and uneven. I am practicising my exercises every morning and evening, like a dutiful student, in the hope that soon I shall be at least somewhat mobile once more.^^Yours truly, Jasper.[#]Jasper's correspondence 1.",
		"Jasper_HomeA": "Greetings and salutations!^I hope things are going well for you on the farm, @, and that you are not yet weary of my correspondence. I have precious few friends in this world, and I do not wish to trouble them.^Speaking of friends - may I dare to think? - I penned a missive to Peasbody and received a swift response! It appears, perhaps, that a visit may be imminent.^^Yours fondly, Jasper.[#]Jasper and Peasbody.",
		"Jasper_HomeB": "Hello @!^Apologies for my melancholic mood earlier. I find my outlook much improved, for I have just received excellent news. My wound has healed fully, thus I am to be fitted with a prosthetic. I will become bionic man! Ah, I jest, but it will be good to get back on my own two - well, one - foot again.^Anyway. I trust all is well with you, and maybe hope that one day soon I shall be able to visit your farm once more. For even though the mines may now be denied me, there is still so much of this world left to explore.^^Fare thee well, Jasper.[#]Jasper's Prosthetic.",
		"Jasper_Picnic": "My dear friend,^ I have discovered the most magical place! Please meet me near the statue of 'Old Man Cannoli' over the noon-time period on the next sunny day. You might like to bring your swimwear!^^Fondest regards, Jasper.[*]Invitation to a picnic"
				}
		}, 

{           
	"LogName": "Mine Events", 
	"Action": "EditData",
	"Target": "Data/Events/Mine",
	"Entries": {
		"50709914/e 50709912/f Jasper 1500": "Upper_Ambient/18 7/Harvey -100 -100 2 Jasper -100 -100 0 Dwarf -100 -100 0 farmer 18 12 0/addConversationTopic JasperHurt 3/addConversationTopic JasperHome1 7/skippable/pause 500/move farmer 0 -2 0/pause 500/playSound stairsdown/emote farmer 16/warp Dwarf 23 9/pause 500/move Dwarf -1 0 3/pause 500/jump Dwarf 1/speed Dwarf 5/move Dwarf -4 0 2/pause 500/speak Dwarf \"You! Please, you must come with haste!\"/pause 500/emote Dwarf 40/pause 500/speak Dwarf \"One of your kind, he is hurt.\"/move Dwarf 2 0 1/faceDirection Dwarf 3/speak Dwarf \"Foolish surface-dweller! I fear the Shadow People got him.\"/emote farmer 8/move farmer 0 -1 1/pause 500/faceDirection Dwarf 1/pause 500/speed Dwarf 5/move Dwarf 2 0 1/pause 500/speed Dwarf 5/move Dwarf 1 0 0/pause 500/warp Dwarf -100 -100/playSound stairsdown/pause 500/emote farmer 16/pause 500/speed farmer 7/move farmer 4 0 0/warp farmer -100 -100/globalFade/viewport -1000 -1000/changeToTemporaryMap MineIce/viewport -1000 -1000/warp Dwarf 12 11/warp farmer 15 8/faceDirection Dwarf 1/addTemporaryActor InjuredJasper 32 32 13 12 2 false/pause 1000/viewport 18 11/playMusic starshoot/faceDirection farmer 2/pause 500/emote farmer 16/pause 500/speed farmer 5/move farmer 0 3 3/move farmer -1 0 3/pause 500/speak Jasper \"@? Is that... is that you?$7#$b#I'm sorry. I'm a fool. I... I ran afoul of those... those shadow brutes.$7\"/jump Dwarf 2/pause 500/emote Dwarf 12/pause 500/speak Jasper \"... I managed to slay several... but there were too many.$7#$b#So... I ran. And fell... And tore my leg.$7\"/pause 500/emote farmer 40/pause 500/speak Jasper \"It's bad, isn't it? It's so hot, @... It's like it's on fire. But I'm so cold.$7#$b#This... this strange child found me... helped me... but... I need to get home, @.$7#$b#Please, please help me...$7\"/emote farmer 16/pause 500/globalFade/warp Dwarf -100 -100/viewport -1000 -1000/changeLocation Hospital/viewport -1000 -1000/warp InjuredJasper 20 4/warp farmer 14 6/warp Harvey 15 6/showFrame InjuredJasper 1/positionOffset  InjuredJasper 0 6/viewport 16 6/pause 500/faceDirection Harvey 3/faceDirection farmer 1/pause 500/speak Harvey \"He's fortunate you found him when you did, @. Any longer, and the infection would've spread into his organs.#$b#As it is, there's a high chance he will lose his leg.$2\"/pause 500/emote farmer 28/pause 500/speak Harvey \"But better his leg than his life.#$b#Let that be a warning to you, @. Those caves are not to be messed with.$2\"/pause 1000/end dialogue Dwarf \"I hope your friend fares well, @. But 'strange child'? That he would not even recognise those whom he seeks?#$b#You surface dwellers, truly a peculiar species.\""
				}
			
		},
{
	"LogName": "Cameron makes an appearance",
	"Action": "EditData",
	"Target": "Data/Events/ArchaeologyHouse",
	"Entries": {

		"50709921/f Jasper 2000/e 50709930/w sunny/t 900 1300": "none/13 11/Jasper 15 9 0 farmer -100 -100 1 Gunther 3 8 2/skippable/addTemporaryActor Cameron 16 32 11 12 3 true/pause 500/textAboveHead Jasper \"Now where was it?\"/pause 1000/move Cameron 0 -2 1/pause 500/textAboveHead Jasper \"Who alphabetized this?\"/move Cameron 0 -1 1/pause 1000/textAboveHead Cameron \"Hello Jasper\"/pause 500/jump Jasper 2/pause 500/faceDirection Jasper 3/pause 500/playMusic sappypiano/speak Jasper \"You came! I... I did not think you would.$4\"/pause 500/faceDirection Jasper 0/pause 500/speak Jasper \"I did not wish for you to see me like this. To see the outcome of my folly.$2\"/pause 500/move Cameron 2 0 1/pause 500/speak Cameron \"I needed to see you, Jasper. I needed to see... To see for myself...$2\"/pause 500/faceDirection Jasper 3/emote Jasper 12/pause 500/speak Jasper \"I do not wish for your pity.$5\"/emote Cameron 28/pause 500/speak Cameron \"I came because I care... And I'm sorry.$2#$b#I'm sorry if my actions pushed you into... into this.$4\"/pause 500/shake Jasper 350/pause 500/faceDirection Jasper 1/pause 500/speak Jasper \"Your words wounded me, Professor Peasbody. They cut deep into my heart. To have... Oh, I thought that we were better than this.$5#$b#That I meant something to you.$2\"/pause 500/faceDirection Jasper 3/speak Cameron \"You did, Jasper. You do! I...$2\"/pause 500/shake Cameron 250/pause 1000/move Cameron 1 0 1/move Jasper 1 0 1/pause 500/textAboveHead Cameron \"Please...\"/pause 1000/warp farmer 9 14/move farmer 5 0 0/move farmer 0 -2 0/playSound woodyStep/pause 500/jump Cameron 2/faceDirection Cameron 2/faceDirection Jasper 2/jump Jasper 2/emote farmer 28/pause 1000/emote Jasper 60/emote Cameron 40/pause 1000/speak Jasper \"Why, hello @... I would like to introduce you to Professor Peasbody. You may have heard me mention him.$5^Why, hello @... I would like to introduce you to Professor Peasbody. You may have heard me mention her.$5\"/speak Cameron \"Please, call me Cameron. Professor Peasbody makes me sound like some sort of stuck-in-the-mud academic. No offence, Professor Thomas.\"/pause 500/emote Jasper 12/pause 500/speak Jasper \"None taken.$5\"/pause 500/faceDirection Cameron 1/pause 500/faceDirection Cameron 2/question null \"...#Sorry to interrupt, I'll leave you two to it.\"/pause 500/faceDirection farmer 2/move farmer 0 2 3/pause 500/textAboveHead Jasper \"Wait!\"/pause 500/move Jasper 0 4 3/move Jasper -2 0 2/pause 500/faceDirection farmer 0/move Cameron -1 0 0/pause 500/speak Jasper \"*whispers* He seems genuinely concilatory, @. And I... I find myself still feeling affection for him. Despite his faults.^*whispers* She seems genuinely concillatory, @. And I... I find myself still feeling affection for her. Despite her faults.#$b#Before I talk with him, I would appreciate your advice.^Before I talk with her, I would appreciate your advice.\"/speak Jasper \"$q 5070123 null#If the opportunity arises, should I rekindle our friendship?#$r 5070124 0 Rekindle_Yes#Yes, definitely, just... be careful.#$r 5070125 0 Rekindle_No#I think you're better off without them.\"/pause 500/speak Jasper \"Thank you for your insight, @. I shall fill you in on the details later.\"/pause 500/emote Jasper 32/pause 500/faceDirection Jasper 0/pause 500/move Jasper 0 -4 3/pause 500/faceDirection Cameron 1/pause 500/faceDirection Cameron 2/emote farmer 60/pause 500/faceDirection Cameron 1/pause 1000/message \"Better leave them alone.\"/end dialogue Jasper \"$p 5070124#It is tentative days yet, but I feel Cameron and I are perhaps ready for a fresh start.$4|I gave a definitive 'no', @. There is a heavy ache in my heart, but I know it is for the best.$2\""
	}
},

{
	"LogName": "Picnic in the Woods",
	"Action": "EditData",
	"Target": "Data/Events/Woods",
	"Entries": {

"50709933/f Jasper 2500/n Jasper_Picnic/w sunny/z winter/z fall/t 1000 1500": "woodsTheme/14 13/Jasper -100 -100 2 farmer 13 12 3/skippable/addTemporaryActor JunimoAmber 16 32 -100 -100 1 false Character/addTemporaryActor JunimoJade 16 32 -100 -100 2 false Character/addTemporaryActor JasperClothes 16 32 -100 -100 2 false Character/pause 500/faceDirection farmer 0/pause 500/emote farmer 8/pause 500/move farmer -5 0 2/pause 500/playSound junimoMeep1/pause 500/faceDirection farmer 3/warp JunimoAmber 5 11/animate JunimoAmber true false 150 4 5 6 7/pause 500/emote farmer 16/move farmer 0 -1 3/pause 500/stopAnimation JunimoAmber/jump JunimoAmber 2/playSound junimoMeep1/speed JunimoAmber 4/move JunimoAmber -3 0 2/pause 500/move JunimoAmber 2 0 1/animate JunimoAmber true false 150 4 5 6 7/pause 500/message \"The junimo wants you to follow!\"/pause 500/stopAnimation JunimoAmber/move JunimoAmber -2 0 3/warp JunimoAmber -100 -100/pause 500/speed farmer 3/move farmer -5 0 3/warp farmer -100 -100/globalFade/viewport -1000 -1000/changeToTemporaryMap FairyPoolPicnic/warp Jasper 27 8/warp farmer 33 13/viewport 18 14/pause 500/speak Jasper \"Hello @. You're early! I was about to come out to meet you.$3#$b#But I'm afraid things take a little longer these days.$4\"/pause 500/move farmer -4 0 0/speak Jasper \"A lovely place for a picnic, is it not?\"/move farmer 0 -2 3/move farmer -1 0 3/emote farmer 20/pause 1000/speak Jasper \"The forest spirits guided me here. I was pursuing my research when I heard a strange sound. Like birds, yet not like birds, and a bright flash of color caught my gaze.$4#$b#I followed it through the trees, and found myself here.#$b#It is magical, don't you think?\"/faceDirection farmer 0/emote farmer 32/pause 500/move farmer 0 -2 3/move farmer -2 0 1/pause 500/speak Jasper \"I apologize if this is a little forward of me...$4#$b#But would you join me in the water?\"/pause 500/emote farmer 20/speak Jasper \"Great! Only, can you enter first please? I'd rather you didn't watch me. I am a bit... awkward.$4\"/pause 500/emote farmer 32/move farmer 0 -1 3/move farmer -2 0 2/faceDirection Jasper 3/move farmer 0 2 2/swimming farmer/move farmer 0 3 2/move Jasper -3 0 2/pause 500/changeSprite Jasper Swimsuit/warp JasperClothes 25 8/pause 1000/move Jasper 0 2 2/swimming Jasper/pause 500/speak Jasper \"It is easier to move. In the water I no longer feel like a cripple.$10\"/warp JunimoAmber 33 11/move JunimoAmber -3 0 0/warp JunimoJade 31 8/move JunimoJade 0 1 2/move Jasper 0 2 1/move farmer 1 0 3/move Jasper 0 1 1/positionOffset farmer 0 -6/pause 500/speak Jasper \"There's been something I wish to tell you, @.$11\"/pause 1000/speak Jasper \"Ever since that terrible time in the mines, I have been re-evaluating my life.$10#$b#I guess, what I am trying to say is...$11\"/animate JunimoJade false true 150 24 25 26 27/animate JunimoAmber false true 150 24 25 26 27/speak Jasper \"I... well, I care for you, @. A... well... a lot...$11\"pause 1500/playSound slosh/positionOffset Jasper 2 0/pause 50/positionOffset Jasper 2 0/pause 50/positionOffset Jasper 2 0/pause 50/positionOffset Jasper 2 0/positionOffset farmer -2 0/pause 50/positionOffset Jasper 2 0/positionOffset farmer -2 0/shake JunimoJade 250/eyes 1 -10000/positionOffset Jasper 2 0/positionOffset farmer -2 2/shake JunimoAmber 250/positionOffset Jasper 2 0/positionOffset farmer -2 0/pause 50/positionOffset Jasper 2 0/positionOffset farmer -2 0/positionOffset Jasper 2 0/positionOffset farmer -2 0/playSound junimoMeep1/jump Jasper 1/jump farmer 1/faceDirection farmer 1/stopAnimation JunimoJade/stopAnimation JunimoAmber/emote JunimoAmber 16/jump JunimoJade 3/speak Jasper \"Are those... are those...$10\"/pause 500/speed JunimoAmber 5/move JunimoAmber -2 0 3 true/speed JunimoJade 5/move JunimoJade -2 0 3/playSound junimoMeep1/globalFade/viewport -1000 -1000/pause 500/speak Jasper \"They're real!$8#$b#They're really real!$9\"/pause 500/stopSwimming Jasper/stopSwimming farmer/end"
    }
},

//14 Heart Event
{
    "LogName": "Jasper Events", 
	"Action": "EditData",
	"Target": "Data/Events/Farmhouse",
	"Entries": {
        "55990002/f Jasper 3500/e 50709933/t 600 630/L": "none/-1000 -1000/farmer 27 13 2 Dwarf 39 14 0 Jasper 29 13 1/skippable/addConversationTopic DwarfVisit 3/showFrame Jasper 51/showFrame farmer 101/playSound doorClose/pause 1000/playSound thudStep/pause 1500/playSound wind/pause 1500/pause 500/pause 500/pause 1000/fade unfade/AmbientLight 200 120 120/viewport 26 16/emote Dwarf 40/move Dwarf -1 0 0/playSound newRecipe/move Dwarf 1 0 2/move Dwarf 0 2 2/pause 500/playSound newRecipe/emote Dwarf 8/pause 400/emote Dwarf 16/showFrame Jasper 4/pause 500/speak Jasper \"Hello? Is someone there?\"/playSound woodyStep/pause 500/faceDirection Dwarf 3/pause 500/jump Dwarf 5/pause 400/emote Dwarf 28/speed Dwarf 5/move Dwarf 0 -4 0/playSound thudStep/warp Dwarf -1000 -1000/pause 500/pause 500/faceDirection Jasper 3/pause 500/speak Jasper \"My love? Someone's here. Oh... where are my glasses?$12\"/pause 500/emote farmer 24/pause 500/emote Jasper 12/pause 500/move Jasper 0 1 2/fade/warp Jasper 39 16 0/showFrame Jasper 33/fade unfade/pause 500/emote Jasper 28/faceDirection farmer 2/pause 500/showFrame Jasper 32/speak Jasper \"They've gone, @. Gone...$13\"/move farmer -1 0 2/move farmer 0 3 1/move farmer 12 0 1/pause 500/emote farmer 8/pause 500/speak Jasper \"All my notes... my research about the dwarves... They've been taken, @.$13\"/pause 500/emote farmer 16/pause 500/speak Jasper \"Who would do such a thing?\"/quickQuestion #Perhaps it was a dwarf?#Maybe goblins?#I bet it was Peasbody!#Are you certain you left them on the table?(break)pause 500\\speak Jasper \"Do you really think so? Perhaps it is true, that they wish to remain hidden.$13\"(break)pause 500\\speak Jasper \"That seems ... not impossible. But goblins leave a lingering scent - of dead leaves and decay. I do not smell that here.$13\"(break)pause 500\\speak Jasper \"$p 5070124#I do rather doubt that, @. Cameron would never seek to harm me in that manner.$12|I know that you and Peasbody do not see eye-to-eye, my love, but this seems underhanded, even for him.$13^I know that you and Peasbody do not see eye-to-eye, my love, but this seems underhanded, even for her.$13\"(break)pause 500\\emote Jasper 12\\speak Jasper \"Please do not make me doubt my memories, @. I indeed left them on the table last night.\"/pause 500/emote Jasper 40/pause 500/speak Jasper \"Perhaps this is a sign, @. It is time I gave up on this fruitless endeavour.$13#$b#You have given me so much. As long as you believe me, what does it matter whether my theories hold truth?$12#$b#You do believe me, don't you @?$13\"/pause 500/emote farmer 20/pause 500/speak Jasper \"You know what? Maybe I should turn my hand to writing fiction. I could give young Elliott a run for his money.$12\"/pause 500/emote farmer 32/pause 1000/end"

    },
"When": {
    "HasWalletItem":"DwarvishTranslationGuide"
        }
    },


//Dialogue from other NPCs

{
	"LogName": "Jas Dialogue", 
	"Action": "EditData",
	"Target": "Characters/Dialogue/Jas",
	"Entries":{
		"ArchaeologyHouse_Wed": "$c 0.8#Hello farmer @! Professor Jasper's teaching us about gemstones! There's one called a fairy stone. It sounds really pretty!#Hello farmer @! Did you know that... ",
		"summer_Wed_inlaw_Jasper": "I hope Professor Jasper still comes to see us now he's living with you. I've been collecting lots of stones to show him!",
		"summerBeach6": "I found a pretty rock! Do you think Professor Jasper might like it?$3#$b#He's super smart, and answers ALL my questions. Even the ones Miss Penny says it's rude to ask.$1",
		"Fall_Wed8": "Professor Jasper looks like a wizard, doesn't he? Like he could teach you stuff in a magic school.$4#$b#He wrote some of the books in the library, you know!$1"

			},
	"When": {
		"HasFlag:Jasper_Penny": true
					}
	},
	{
		"LogName": "Vincent Dialogue", 
		"Action": "EditData",
		"Target": "Characters/Dialogue/Vincent",
		"Entries":{
			"ArchaeologyHouse_Wed": "Hehe! There's a rock called schist! Schist!$3",
			"summer_Wed_inLaw_Jasper": "Professor Jasper tells really cool stories about the goblins when Miss Penny's not listening.$1#$b#They're so gross! It's awesome. I hope I get to meet one someday!"
		},
		"When": {
			"HasFlag:Jasper_Penny": true
						}
		},

{
	"LogName": "Harvey Dialogue", 
	"Action": "EditData",
	"Target": "Characters/Dialogue/Harvey",
	"Entries":
	{
		"JasperHurt": "I can't break confidentiality, but I can reassure you that Jasper survived his surgery and is likely to recover.#$b#A full recovery? Ah, I think it's best you speak to him yourself.$2"
		}
},

{
	"LogName": "Dwarf Dialogue", 
	"Action": "EditData",
	"Target": "Characters/Dialogue/Dwarf",
	"FromFile": "assets/Dialogue/Dialogue-Dwarf.json"
	},

{
	"LogName": "Eloise Dialogue", 
	"Action": "EditData",
	"Target": "Characters/Dialogue/Eloise",
	"Entries":{
		"ArchaeologyHouse_Wed": "Professor Jasper's knows heaps of stuff! I've read his books! Did you know he lived with the goblins?#$b#They sound cool, but also quite scary. I'm not sure I'd ever wanna meet one."
	},
	"When": {
		"HasFlag:Jasper_Penny": true
					}
	},

		
//Festival Dialogue		
			
{	"LogName": "Beach Jellies",
	"Action": "EditData",
	"Target": "Data/Festivals/summer28",
	"Entries":{
		"Jasper": "Ah, fascinating specimens, these creatures. Although my expertise lies more in the subterranean than the aquatic." 
		}  									
	},	
{	"LogName": "Winter Star",
	"Action": "EditData",
	"Target": "Data/Festivals/winter25",
	"Entries":{
		"Jasper": "Secret gift giving events always make me feel very awkward. But at least everyone loves diamonds, right?$4"
		}
	},
{	"LogName": "Ice Festival",
	"Action": "EditData",
	"Target": "Data/Festivals/winter8",
	"Entries":{	
		"Jasper": "Ah, hello @! Linus was just regaling me with tales of the tundra dwellers!$1"
		}
	},
{	"LogName": "Luau",
		"Action": "EditData",
		"Target": "Data/Festivals/summer11",
		"Entries":{
		"Jasper": "Are you acquainted with my good friend Rasmodius?"
		}
	},
{	"LogName": "Flower Dance",
	"Action": "EditData",
	"Target": "Data/Festivals/spring24",
	"Entries":{
		"Jasper": "Dancing is not my forte. Two left feet, is how my dear mother once described me.$4"
	},
	"When": {
		"HasSeenEvent:50709914":"false"
	}	
},
{	"LogName": "Flower Dance - post accident",
	"Action": "EditData",
	"Target": "Data/Festivals/spring24",
	"Entries":{
		"Jasper": "A celebration of love and fertility. I hope I am not expected to dance.$1#$b#People might laugh. Although I suppose I could always do the unhip-hop!$3"
	},
	"When": {
		"HasSeenEvent:50709914":"true"
	}
},
{	"LogName": "Egg Festival",
	"Action": "EditData",
	"Target": "Data/Festivals/spring13",
	"Entries":{
	"Jasper": "The egg festival holds great spiritual significance; the world is being reborn anew.$1"
			}
	},
{	"LogName": "Spirit's Eve",
	"Action": "EditData",
	"Target": "Data/Festivals/fall27",
	"Entries":{
	"Jasper": "These skeletons are most fearsome fiends. Imagine if they were to break out? There would be chaos!$2"
			}
		},
{	"LogName": "Fair",
	"Action": "EditData",
	"Target": "Data/Festivals/fall16",
	"Entries":{
		"Jasper": "Clint's work is truly marvelous. A fine blade is required for delving into the valley's depths.#$b#Me? I favour an obsidian edge.$1"
	}
},

//Strings from Maps


{	"LogName": "Strings from Maps",
	"Action": "EditData",
	"Target": "Strings/StringsFromMaps",
	"FromFile": "assets/StringsFromMaps.json"
},
{
	"Action": "EditMap",
	"Target": "Maps/Museum2",
	"MapTiles": [
	   {
		  "Position": { "X": 6, "Y": 16 },
		  "Layer": "Buildings",
		  "SetProperties": {
			 "Action": "Message \"FilingCabinet.{{day}}\""
		  			}
		 		}
			],
		"When": {
		"HasSeenEvent": "50709927"
}
},

//Dwarf

{
	"LogName": "NPC Manifestation - Dwarf doesn't appear until can talk to them or Jasper is found in mines",
	"Action": "EditData",
	"Target": "Data/NPCDispositions",
	"Fields": {
		"Dwarf": 
			{	"10": "Mine -100 -100"}
					},
	"When": {
		"HasWalletItem:DwarvishTranslationGuide":false,
		"HasSeenEvent:50709914":false
			}
},

{
	"Action": "EditMap",
	"Target": "Maps/Mine",
	"FromFile": "assets/Image/MineDwarfIllusion.tmx",
	"ToArea": { "X": 37, "Y": 2, "Width": 13, "Height": 13 },
	"When": {
		"HasMod:DaisyNiko.Tilesheets": true,
		"HasWalletItem:DwarvishTranslationGuide":false
		}
	},

{
	"Action": "EditMap",
	"Target": "Maps/Mine",
	"FromFile": "assets/Image/MineDwarf.tmx",
	"ToArea": { "X": 37, "Y": 2, "Width": 13, "Height": 13 },
	"When": {
		"HasMod:DaisyNiko.SVR2": false,
		"HasMod:DaisyNiko.Tilesheets": true,
		"HasWalletItem:DwarvishTranslationGuide":true
		
		}
	},
	{

		"LogName": "Mine Events", 
			"Action": "EditData",
			"Target": "Data/Events/Mine",
			"Entries": {
		"55990001/k 50709914": "EarthMine/18 7/Dwarf -100 -100 0 farmer 18 12 0/skippable/pause 500/move farmer 0 -4 0/pause 500/playSound stairsdown/emote farmer 16/warp Dwarf 23 9/pause 500/move Dwarf 0 -1 3/pause 500/jump Dwarf 1/faceDirection farmer 1/speak Dwarf \"A human! Why do you enter my domain?#$b#Ah but it is foolish to speak to them; they will not understand.\"/pause 500/quickQuestion #I'm exploring the mines.#But I do understand!#Who are you?#What are you?(break)emote Dwarf 16\\speak Dwarf \"You're here to steal my treasures, sun-dweller? Be careful! She's filled with danger!\"(break)emote Dwarf 16\\speak Dwarf \"You do! I'm impressed. Although your accent's terrible.\"(break)emote Dwarf 16\\speak Dwarf \"Humans... Enter my domain and ask who I am? What's your name, sun-dweller?\"(break)emote 12\\speak Dwarf \"What am I? Well I know what you are... a rude human!\"/pause 500/speak Dwarf \"Still, you've taken the time to learn my language, and that's more than most of your kin.\"/pause 500/faceDirection Dwarf 1/pause 500/emote Dwarf 28/pause 500/move Dwarf -2 0 3/pause 500/speak Dwarf \"I don't want to trust you... but I suppose I've got no choice...#$b#Another of your kind's been sniffing around, prodding at the rock.\"/pause 500/emote farmer 12/pause 500/speak Dwarf \"What do they look like? Well... all humans look the same... but they stink of paper and ink and wear metal rims upon their face.#$b#Humans have brought terror and pain to my people, and I fear that I'm the last...#$b#Please, I must remain hidden. I'm scared of what may happen if my existence becomes known.\"/shake Dwarf 450/message \"They seem truly terrified.\"/question null \"Please, sun-dweller, promise that you'll keep me secret!#I promise, I'll speak of you to no-one#I suppose so... yes... I'll keep your secret\"/pause 500/emote Dwarf 32/pause 1000/speak Dwarf \"Thank you, sun-dweller. Please, if you wish, come and visit me; I have wares to help in the mines.#$b#I shall help you, as you're helping me.#$b#An illusion protects my cave from prying eyes, but you, I think, can see through the veil.#$b#Fare well.\"/faceDirection Dwarf 1/move Dwarf 5 0 1 true/pause 500/playSound healSound/Message \"It's strange, but you feel the weight of your promise settle upon you like a heavy cloak. And when you try and speak of this - Dwarf? - you cannot.\"/pause 1000/end"
			},
		"When": {
			"HasWalletItem:DwarvishTranslationGuide":true
				}
			
		},

	//Marriage Dialogue to help the player

	{
		"LogName": "Dialogue", 
		"Action": "EditData",
		"Target": "Characters/Dialogue/MarriageDialogueJasper",
		"Entries": {

		"spouseroom_Jasper": "$1 Yellow_scroll#I was doing some tidying and uncovered this, @. I thought it might be fun for us to learn Dwarvish together. I know, it's silly, but we could have our own secret language![99]$4$k#$e#I was doing some tidying and uncovered this, @. I thought it might be fun for us to learn Dwarvish together.$1[98 97 96]"
				},
		"When": {
			"HasWalletItem:DwarvishTranslationGuide":false
				}
			
		},

	{	"LogName": "Dialogue", 
		"Action": "EditData",
		"Target": "Characters/Dialogue/MarriageDialogueJasper",
		"Entries": {
			"Outdor_2": "My sleep still troubles me, my love. The early morning walks help to ease some of the stiffness from these old bones.",
			"Outdoor_3": "The animals seem unsettled this morning, @. I feel something has disturbed them.#$b#There was a boot print in the dirt, near the pond.#$b#Is Jas, perhaps, playing pranks? No, that does not seem like her.",
			"Outdoor_4": "I awoke at dawn, my mind too busy to permit sleep, and stepped out for a walk.#$b#I caught a glimpse of a dark figure - perhaps a child? - in the fields. They scampered away at the sight of me.#$b#Who do you think they were, @?$2",
			"funReturn_Jasper": "Sorry I am late home, my love. I thought I heard footsteps, and caught a glimpse of something following me.$3#$b#Nevermind, it was probably just a fox."

		},
		"When": {
			"HasSeenEvent:55990003":false
				}
			
		},

{
	"LogName": "NPC Manifestation",
	"Action": "EditData",
	"Target": "Data/NPCDispositions", 
	"Entries": { 
		"Gunther": "adult/polite/outgoing/neutral/male/not-datable/null/Town/winter 5//ArchaeologyHouse 3 8/Gunther"
			}
		},
{
	"LogName": "Dialogue", 
	"Action": "Load",
	"Target": "Characters/Dialogue/Gunther",
	"FromFile": "assets/Dialogue/Dialogue-Gunther.json"
},
{
	"LogName": "Dialogue", 
	"Action": "Load",
	"Target": "Characters/Dialogue/Marlon",
	"FromFile": "assets/Dialogue/Dialogue-Marlon.json",
	"When": {
	"HasMod:FlashShifter.StardewValleyExpandedALL":false
					}
},
{
	"LogName": "Dialogue", 
	"Action": "EditData",
	"Target": "Characters/Dialogue/Marlon",
	"Entries": 
	{
		"fall_Wed": "You've met my nephew, Denver, right? Yeh, I know he's surly and all that. But his bark's worse than his bite. Trust me on that one.#$b#He's a good boy, he really is."
	},
	"When": {
	"HasMod:FlashShifter.StardewValleyExpandedALL":false,
	"Hearts:Denver": "1,2"
					}
},
{
	"LogName": "Dialogue", 
	"Action": "EditData",
	"Target": "Characters/Dialogue/Marlon",
	"Entries": 
	{
		"fall_Thu": "Denver's quite skilled with the sword. The kid's loyal, and doggedly determined. Might let him sink his teeth into a night patrol soon.",
		"winter_Thu": "He's a good boy, Denver. I promised my sister I'd keep an eye on him. Yep, that's right kid, I've got a sister.#$b#She took up the city life, but Denver, well I guess the wilderness called to him.",
		"summer_Sat": "I found an old demo tape the other day - you know Denver used to play in a band?#$b#They really weren't half bad. Kid's got quite some talent."	
	},
	"When": {
	"HasMod:FlashShifter.StardewValleyExpandedALL":false,
	"Hearts:Denver": "5,6,7,8"
					}
},
{
	"LogName": "Dialogue", 
	"Action": "EditData",
	"Target": "Characters/Dialogue/Marlon",
	"Entries": 
	{
		"fall_Thu": "Did you know wolves mate for life, @? Very family-driven canines.#$b#Why am I telling you this? Oh no reason.",
		"winter_Thu": "Hey kid, keep an eye on Denver for me, won't you? His mom'd flay me alive if anything happened to him.#$b#I've fought plenty of monsters, and she's scarier than all of 'em combined.",
		"summer_Sat": "Ah, if Denver keeps going the way he's going, maybe I'll be able to actually retire.#$b#You've been a good influence on him, @."	
	},
	"When": {
	"HasMod:FlashShifter.StardewValleyExpandedALL":false,
	"Relationship:Denver": "Dating"
	}
},

{
	"LogName": "Dialogue", 
	"Action": "EditData",
	"Target": "Characters/Dialogue/Marlon",
	"Entries": 
	{
		"spring_Wed": "Marnie and I were friends once, back in school. Yeah, I was a few years older - but we Pelican Town kids had to stick together.#$b#I guess we drifted apart; it'll be good to catch up with her at the flower dance though.",
		"winter_Sat": "On these long, cold nights, I can't help but feel a bit lonely, kid. Gil's decent company - when he's awake. But it ain't the same, you know?",
		"winter_Sun": "It's a lonely life, being a monster hunter. Don't wanna settle down, get married, have kids. Leave them wondering if dad's gonna come home.#$b#Sorry, kid. On these long winter nights, the void can fill your heart with regret.#$b#There's something I should've said, once. But it's too late now."	
	},
	"When": {
	"HasMod:FlashShifter.StardewValleyExpandedALL":false,
	"Hearts:Marnie": "6,7,8,9,10"
					}
},
{
	"LogName": "Dialogue", 
	"Action": "EditData",
	"Target": "Characters/Dialogue/Marlon",
	"Entries": 
	{
		"spring_Wed": "$1 Marl_Rumor#Tell me, @. Is there truth to the rumors of Ms Marnie and the mayor?#$b#Oh, no reason. I'm just curious.$k#$e#Spring is the time of new beginnings and fresh starts, isn't it, @? But if she's happy with Lewis, who am I to begrudge her that happiness?#$b#An old man plagued with regret that he did not speak his feelings sooner. That's who."
			
	},
	"When": {
	"HasMod:FlashShifter.StardewValleyExpandedALL":false,
	"Relationship:Marnie": "8,9,10"
	}
},


//Remove obstacles from museum so you can reach Gunther

{ 
    "LogName": "Removes obastacles from museum",
    "Action": "EditMap",
    "Target": "Maps/ArchaeologyHouse",
    "MapTiles": [
    {
        "Position": { "X": 4, "Y": 7 },
        "Layer": "Front",
        "Remove":true
        }
	
],
	"When": { "HasMod:Karmylla.ImmersiveMaps":false}
},
{
	"Action": "EditMap",
	"Target": "Maps/ArchaeologyHouse",
	"FromFile": "assets/Image/ArchaeologyDesk.tmx",
	"ToArea": { "X": 4, "Y": 8, "Width": 3, "Height": 2 },
	"When": { "HasMod:Karmylla.ImmersiveMaps":false}
},

{
	"Action": "Load",
	"Target": "Maps/FarmCave",
	"FromFile": "assets/Image/FarmCaveJasper.tbin",
	"When": {
		"HasMod": "DaisyNiko.Tilesheets",
		"FarmCaveChange":true
	}
},

{    
    "LogName": "Adds Linus and Wizard to Ice Festival main event",
    "Action": "EditMap",
    "Target": "Maps/Forest-IceFestival",
    "MapTiles": [
  
{  "Position": {"X":11, "Y": 43},
   "Layer": "Main-Event",
   "SetTileSheet": "characters",
   "SetIndex": 73
},
{  "Position": {"X":12, "Y": 43},
   "Layer": "Main-Event",
   "SetTileSheet": "characters",
   "SetIndex": 123
}
]
},

/*{	"LogName": "Gunther", 
	"Action": "EditImage",
	"Target": "Portraits/Gunther",
	"FromFile": "assets/Image/Gunther.png"
}*/

//Cleans up litter for Jasper's 4-heart event

{ 
  "LogName": "Removes litter from SVE",
  "Action": "EditMap",
  "Target": "Maps/Forest",
  "MapTiles": [
    {
      "Position": { "X": 79, "Y": 99 },
      "Layer": "Buildings",
      "Remove":true
      },
      {
        "Position": { "X": 80, "Y": 98 },
        "Layer": "Buildings",
        "Remove":true
        },
 {
        "Position": { "X": 77, "Y": 99 },
        "Layer": "Buildings",
        "Remove":true
        }
        
      
        ],
      "When": {
      "HasMod:FlashShifter.StardewValleyExpandedALL": true,
      "HasSeenEvent:50709910": false
               }
	  },
	  
//Adds dialogue relevant to other mods
{
	"LogName": "Cecilia Dialogue", 
	"Action": "EditData",
	"Target": "Characters/Dialogue/Jasper",
	"Entries": 
	{
		"winter_Fri6": "You have surely noticed the abandoned house in town, @? A woman lived there once. She died in a tragic accident$2.#$b#And I have felt a presence there. It as though she has not left. And I wonder, what is it that holds her to this place?$2#$b#There is magic here, and I can sense her reluctance to let it go.$4"
	},
	"When": {"HasMod":"balverines.cecilia"}
},
{
	"LogName": "Denver Dialogue", 
	"Action": "EditData",
	"Target": "Characters/Dialogue/Jasper",
	"Entries": 
	{
		"winter_Sat4": "I heard something howling in the dark, last night. And I told myself, it was just wolves. But there was something eerie about it. Something otherworldy.$3#$b#Oh, listen to me! Spouting on this supernatural nonsense. It's these long winter nights, @. They're enough to make anyone a little superstitious."
	},
	"When": {"HasMod":"balverines.Denver"}
},
{
	"LogName": "Charlie Dialogue", 
	"Action": "EditData",
	"Target": "Characters/Dialogue/Jasper",
	"Entries": {
		"Tue2": "Gunther's nephew Charlie has moved in. He seems like an agreeable fellow.$1"
		},
	"When": {"HasMod":"andril11.charlie" }
},


	]
	}
