{
    "Action": "Load",
    "Target": "Characters/Cameron",
    "FromFile": "assets/Images/Cameron.png"
            },

{
    "Action": "Load",
    "Target": "Portraits/Cameron",
    "FromFile": "assets/Images/Cameron.png"
            },

{
    "LogName": "Cameron makes an appearance",
    "Action": "EditData",
    "Target": "Data/Events/ArchaeologyHouse",
    "Entries": {

"50709921/f Jasper 2000/e 50709930/w sunny/t 900 1300": "none/13 13/Jasper 15 9 0 farmer -100 -100 1/skippable/addTemporaryActor Cameron 16 32 11 12 3 true/pause 500/textAboveHead Jasper \"Now where was it?\"/pause 1000/move Cameron 2 0 0/pause 500/textAboveHead Jasper \"Who alphabetized this?\"/move Cameron 0 -1 1/pause 500/textAboveHead Cameron \"Hello Jasper\"/pause 500/jump Jasper 2/pause 500/faceDirection Jasper 2/pause 500/playMusic starshoot/speak Jasper \"You came! I... I did not think you would.$4\"/pause 500/faceDirection Jasper 0/pause 500/speak Jasper \"I did not wish for you to see me like this. To see the punishment of my folly.$2\"/pause 500/move Cameron 0 -2 1/pause 500/speak Cameron \"I needed to see you, Jasper. I needed to see... To see for myself...$2\"/pause 500/faceDirection Jasper 3/emote Jasper 12/pause 500/speak Jasper \"I do not wish for your pity.$4\"/emote Cameron 28/pause 500/speak Cameron \"I came because I care... And I'm sorry.$2#$b#I'm sorry if my actions pushed you into... into this.$4\"/pause 500/shake Jasper 350/pause 500/faceDirection Jasper 1/pause 500/speak Jasper \"Your words wounded me, Professor Peasbody. They cut deep into my heart. To have... Oh, I thought that we were better than this.$5#$b#That I meant something to you.$2\"/pause 500/faceDirection Jasper 3/speak Cameron \"You did, Jasper. You do! I...\"/pause 500/shake Cameron 250/pause 1000/move Cameron 1 0 1/move Jasper 1 0 1/pause 500/textAboveHead Cameron \"Please...\"/pause 1000/warp farmer 9 14/move farmer 3 0 0/move farmer 0 -2 0/playSound woodystep/pause 500/jump Cameron 2/jump Jasper 2/faceDirection Cameron 2/faceDirection Jasper 2/emote farmer 28/pause 1000/emote Jasper 60/emote Cameron 40/pause 1000/speak Jasper \"Why, hello @... I would like to introduce you to Professor Peasbody. You may have heard me mention him.$5^Why, hello @... I would like to introduce you to Professor Peasbody. You may have heard me mention her.$5\"/speak Cameron \"Please, call me Cameron. Professor Peasbody makes me sound like some sort of stuck-in-the-mud academic. No offence, Professor Thomas.\"/pause 500/emote Jasper 12/pause 500/speak Jasper \"None taken.$5\"/pause 500/faceDirection Cameron 1/pause 500/faceDirection Cameron 2/question null \"...#Sorry to interrupt, I'll leave you two to it.\"/pause 500/faceDirection farmer 2/move farmer 0 2 0/pause 500/textAboveHead Jasper \"Wait\"/pause 500/move Jasper 0 4 3/move Jasper -3 0 2/pause 500/faceDirection farmer 0/move Cameron -1 0 0/pause 500/speak Jasper \"*whispers* He seems genuinely concillatory, @. And I... I find myself still feeling affection for him. Despite his faults.^*whispers* She seems genuinely concillatory, @. And I... I find myself still feeling affection for her. Despite her faults.#$b#Before I talk with him, I would appreciate your advice.^Before I talk with her, I would appreciate your advice.\"/speak Jasper \"$q 5070124/5070125 null#If the opportunity arises, should I rekindle our friendship?#$r 5070124 0 Rekindle_Yes#Yes, definitely, just... be careful.#$r 5070125 0 Rekindle_No#I think you're better off without them.\"/pause 500/speak Jasper \"Thank you for your insight, @. I shall fill you in our details later.\"/pause 500/emote Jasper 32/pause 500/faceDirection Jasper 0/pause 500/move Jasper 0 -3 1/pause 500/faceDirection Cameron 3/pause 500/faceDirection Cameron 2/emote farmer 60/pause 500/faceDirection Cameron 3/pause 1000/message \"Better leave them alone\"/end dialogue Jasper \"$p 5070124#It is tentative days yet, but I feel Cameron and I are perhaps ready for a fresh start.$4|I gave a definitive 'no', @. There is a heavy ache in my heart, but it is for the best.$2",


5070124 = encourage to date Peasbody



speak Jasper \"My time in isolation has given me much opportunity for reflection, @.#$b#And I have come to a conclusion... I have spent too long buried in my books... There is more to life, @."





Key for negative reaction: 5070122
{

"LogName": "Mine Events", 
	"Action": "EditData",
	"Target": "Data/Events/Mine",
	"Entries": {
"55990001/k 50709914": "Of_Dwarves/18 7/Dwarf -100 -100 0 farmer 18 12 0/skippable/pause 500/move farmer 0 -3 0/pause 500/playSound stairsdown/emote farmer 16/warp Dwarf 23 9/pause 500/move Dwarf 0 -1 3/pause 500/jump Dwarf 1/speak Dwarf \"A human! Why do you enter my domain?#$b#Ah but it is foolish to speak to them; they will not understand.\"/pause 500/quickQuestion #I'm exploring the mines.#But I do understand!#Who are you?#What are you?(break)emote Dwarf 16\\speak Dwarf \"You seek to pillage my treasures, sun dweller? Well, be wary. She's filled with danger!(break)\\emote Dwarf 16\\speak Dwarf \"You do! I'm impressed. Although your accent's terrible.(break)emote Dwarf 16\\speak Dwarf \"Humans... Enter my domain and ask who I am? What's your name, sun-dweller?(break)emote 12\\speak Dwarf \"What am I? Well I know what you are... a rude human!\"/pause 500/speak Dwarf \"Still, you've taken the time to learn my language, and that's more than most of your kin.\"/pause 500/faceDirection Dwarf 1/pause 500/emote Dwarf 28/pause 500/move Dwarf -2 0 3/pause 500/speak Dwarf \"I don't want to trust you... but I suppose I've got no choice...#$b#Another of your kind's been sniffing around, prodding at the rock.#$b#What do they look like? Well... all humans look the same... but they stink of paper and ink and wear metal rims upon their face.#$b#Humans have caused terror and pain upon my people. I fear that I'm the last!#$b#Please, I must remain hidden! I'm scared of what may happen if my existence becomes known!\"/shake Dwarf 250/message \"They seem truly terrified.\"/question null \"Please, sun-dweller, promise that you'll keep me secret!#I promise, I'll speak of you to no-one#I suppose so... yes... I'll keep your secret\"/pause 500/emote Dwarf 32/pause 1000/speak Dwarf \"Thank you, sun-dweller. Please, if you wish, come and visit me; I have wares to help in the mines.#$b#I shall help you as you are helping me.#$b#An illusion protects my cave from prying eyes, but you, I think, can see through the veil.\"",
"When": {
    "HasWalletItem:DwarvishTranslationGuide":true
        }
    }
},

    }
/*
Jasper is looking at something, possibly a rare disk. 
"Oh, hello @, my love! I uncovered something interesting today... or should I say, our little friends delivered it to me!" 
Farmer comes over and looks at it with him. 
"I am not sure what it is. Perhaps some sort of energy source? It fair sets my hair on end! It certainly feels like nothing from this world."
Farmer touches it (can we use the "Zap" sprite from Maru's scene here?).
Message "It radiates a cold, dark energy that sends shivers down your spine."
"Bizarre, isn't it? This definitely warrants more study."
Can we add it temporarily to Jasper's table in his spouse room?
Maybe temporarily switch spouse rooms?

Dwarf comes to claim the torus back.

Jasper notices its absence the next day. Farmer can 'fess up to seeing the Dwarf. Do not allow farmer to gaslight Jasper.

Where it this going to lead? I'm not sure...maybe we should just stick with Dwarf stealing Jasper's notes. But Jasper approaches the Dwarf and becomes their friend. They strike up a mutual relationship and meet weekly in a cave accessible from the farm cave (and hopefully by Jasper mega-warp).

*/


{
    "LogName": "Jasper Events", 
	"Action": "EditData",
	"Target": "Data/Events/Farmhouse",
	"Entries": {
        "55990002/f Jasper 3500/e 50709933/t 600 700/L": "nightTime/-1000 -1000/farmer 27 13 2 Dwarf 39 14 0 Jasper 29 12 1/skippable/showFrame Jasper 51/playSound doorClose/pause 1000/playSound thudStep/pause 500/playSound wind/pause 500/pause 500/Message \"Is someone there?\"/pause 1000/fade unfade/viewport 22 13/emote Dwarf 40/move Dwarf -1 0 0/playSound newRecipe/move Dwarf 1 0 2/move Dwarf 0 22/pause 500/playSound newRecipe/emote Dwarf 8/pause 400/emote Dwarf 16/pause 500/emote farmer 16/move farmer -1 0 2/move farmer 0 -3 1/playSound farmer woodystep/pause 500/faceDirection Dwarf 3/pause 500/jump Dwarf 5/pause 400/emote Dwarf 28/speed Dwarf 5/move Dwarf 0 -4 0/playSound thudStep/warp Dwarf -1000 -1000/pause 500/emote farmer 16/speed farmer 5/move farmer 8 0 1/pause 500/faceDirection Jasper 1/pause 500/speak Jasper \"My love? Is everything okay?$12\"/pause 500/faceDirection farmer 3/pause 500/emote farmer 32/pause 500/emote farmer 40/speak Jasper \"Come back to bed... you can tell me in the morning.$12\"/pause 500/faceDirection Jasper 3/pause 500/showFrame Jasper 51/pause 500/emote Jasper 24/pause 500/emote farmer 40/pause 500/move farmer 5 0 0/move farmer 0 -2 0/pause 500/Message \"They've gone.\"/pause 1000/end",
"55990003/p Jasper/e 5599002/t 600 1200/L": "starshoot/farmer 9 9 Jasper 11 9/skippable/",
    },
"When": {
    "HasWalletItem:DwarvishTranslationGuide":false
        }
    }
},

