{
    "Action": "Load",
    "Target": "Characters/Cameron",
    "FromFile": "assets/Images/Cameron.png"
            },

{
    "Action": "Load",
    "Target": "Portraits/Cameron",
    "FromFile": "assets/Images/Cameron.png"
            },

{
    "LogName": "Cameron makes an appearance",
    "Action": "EditData",
    "Target": "Data/Events/ArchaeologyHouse",
    "Entries": {

"50709921/f Jasper 2000/e 50709930/w sunny/t 900 1300": "none/13 13/Jasper 15 9 0 farmer -100 -100 1/skippable/addTemporaryActor Cameron 16 32 11 12 3 true/pause 500/textAboveHead Jasper \"Now where was it?\"/pause 1000/move Cameron 2 0 0/pause 500/textAboveHead Jasper \"Who alphabetized this?\"/move Cameron 0 -1 1/pause 500/textAboveHead Cameron \"Hello Jasper\"/pause 500/jump Jasper 2/pause 500/faceDirection Jasper 2/pause 500/playMusic starshoot/speak Jasper \"You came! I... I did not think you would.$4\"/pause 500/faceDirection Jasper 0/pause 500/speak Jasper \"I did not wish for you to see me like this. To see the punishment of my folly.$2\"/pause 500/move Cameron 0 -2 1/pause 500/speak Cameron \"I needed to see you, Jasper. I needed to see... To see for myself...$2\"/pause 500/faceDirection Jasper 3/emote Jasper 12/pause 500/speak Jasper \"I do not wish for your pity.$4\"/emote Cameron 28/pause 500/speak Cameron \"I came because I care... And I'm sorry.$2#$b#I'm sorry if my actions pushed you into... into this.$4\"/pause 500/shake Jasper 350/pause 500/faceDirection Jasper 1/pause 500/speak Jasper \"Your words wounded me, Professor Peasbody. They cut deep into my heart. To have... Oh, I thought that we were better than this.$5#$b#That I meant something to you.$2\"/pause 500/faceDirection Jasper 3/speak Cameron \"You did, Jasper. You do! I...\"/pause 500/shake Cameron 250/pause 1000/move Cameron 1 0 1/move Jasper 1 0 1/pause 500/textAboveHead Cameron \"Please...\"/pause 1000/warp farmer 9 14/move farmer 3 0 0/move farmer 0 -2 0/playSound woodystep/pause 500/jump Cameron 2/jump Jasper 2/faceDirection Cameron 2/faceDirection Jasper 2/emote farmer 28/pause 1000/emote Jasper 60/emote Cameron 40/pause 1000/speak Jasper \"Why, hello @... I would like to introduce you to Professor Peasbody. You may have heard me mention him.$5^Why, hello @... I would like to introduce you to Professor Peasbody. You may have heard me mention her.$5\"/speak Cameron \"Please, call me Cameron. Professor Peasbody makes me sound like some sort of stuck-in-the-mud academic. No offence, Professor Thomas.\"/pause 500/emote Jasper 12/pause 500/speak Jasper \"None taken.$5\"/pause 500/faceDirection Cameron 1/pause 500/faceDirection Cameron 2/question null \"...#Sorry to interrupt, I'll leave you two to it.\"/pause 500/faceDirection farmer 2/move farmer 0 2 0/pause 500/textAboveHead Jasper \"Wait\"/pause 500/move Jasper 0 4 3/move Jasper -3 0 2/pause 500/faceDirection farmer 0/move Cameron -1 0 0/pause 500/speak Jasper \"*whispers* He seems genuinely concillatory, @. And I... I find myself still feeling affection for him. Despite his faults.^*whispers* She seems genuinely concillatory, @. And I... I find myself still feeling affection for her. Despite her faults.#$b#Before I talk with him, I would appreciate your advice.^Before I talk with her, I would appreciate your advice.\"/speak Jasper \"$q 5070124/5070125 null#If the opportunity arises, should I rekindle our friendship?#$r 5070124 0 Rekindle_Yes#Yes, definitely, just... be careful.#$r 5070125 0 Rekindle_No#I think you're better off without them.\"/pause 500/speak Jasper \"Thank you for your insight, @. I shall fill you in our details later.\"/pause 500/emote Jasper 32/pause 500/faceDirection Jasper 0/pause 500/move Jasper 0 -3 1/pause 500/faceDirection Cameron 3/pause 500/faceDirection Cameron 2/emote farmer 60/pause 500/faceDirection Cameron 3/pause 1000/message \"Better leave them alone\"/end dialogue Jasper \"$p 5070124#It is tentative days yet, but I feel Cameron and I are perhaps ready for a fresh start.$4|I gave a definitive 'no', @. There is a heavy ache in my heart, but it is for the best.$2",


5070124 = encourage to date Peasbody



speak Jasper \"My time in isolation has given me much opportunity for reflection, @.#$b#And I have come to a conclusion... I have spent too long buried in my books... There is more to life, @."





Key for negative reaction: 5070122