{
"Entries": {
    /*"spouseRoom_Jasper": "",
    "Rainy_Day_0": "",
    "Rainy_Day_2": "",
    "Rainy_Day_3": "",
    "Rainy_Day_4": "",
    "patio_Jasper": "",
    "Rainy_Night_0": "",
    "Rainy_Night_1": "",
    "Rainy_Night_2": "",
    "Rainy_Night_3": "",
    "Rainy_Night_4": "",
    "Indoor_Day_0": "",
    "Indoor_Day_2": "",
    "Indoor_Day_3": "",
    "Indoor_Day_4": "",
    "Indoor_Night_0": "",
    "Indoor_Night_1": "",
    "Indoor_Night_2": "",
    "Indoor_Night_3": "",
    "Indoor_Night_4": "",
    "Outdoor_1": "",
    "Outdoor_0": "",
    "Outdoor_2": "",
    "Outdoor_3": "",
    "Outdoor_4": "",
    "funLeave_Jasper": "",
    "funReturn_Jasper": "",
    "OneKid_0": "",
    "OneKid_1": "",
    "OneKid_2": "",
    "OneKid_3": "",
    "TwoKids_0": "",
    "TwoKids_1": "",
   "TwoKids_2": "",
    "TwoKids_3": ""*/
}
}