{
    "Format": "1.13",
  
       "Changes": [


{
"Action": "EditData",
"Target": "Data/Locations",
"Entries": { 
"FairyPool": "257 .5 404 .25 16 .8/259 .9 420 .25/281 .5 404 .6 420 .2/283 .9/734 -1 142 -1 143 -1/734 -1 142 -1 143 -1/734 -1 142 -1 143 -1/734 -1 142 -1 143 -1/390 .25 330 1"
},
   "When": {
      "HasMod:MoreFish": false
   }
},
{
"Action": "EditData",
"Target": "Data/Locations",
"Entries": { 
"FairyPool": "257 .5 404 .25 16 .8/259 .9 420 .25/281 .5 404 .6 420 .2/283 .9/734 -1 142 -1 143 -1 1122 -1 1077 -1/734 -1 142 -1 143 -1 1123 -1 1082 -1/734 -1 142 -1 143 -1 1121 -1 1078 -1/734 -1 142 -1 143 -1 1127 -1 1128 -1 1079 -1 1081 -1/390 .25 330 1"
   },
"When": {
   "HasMod:MoreFish": true
}
},

{
	"LogName": "FairyPool Events", 
	"Action": "Load",
	"Target": "Data/Events/FairyPool",
	"FromFile": "assets/FairyPool.json"
		},
{
   "Action": "EditData",
   "Target": "Strings/StringsFromMaps",
   "Entries": {
      "SecretCave.001": "It's locked.",
      "SecretCave.002": "It's bolted tightly shut. I wonder why it's here?",
      "SecretCave.003": "This seems to be a garden: of toadstools and nightshade. Why would anyone be growing these?",
      "SecretCave.004": "'Staying human in an inhumane world'. They're all self-help guides? Weird!",
      "SecretCave.005": "Smells a little like honey and fermented berries. Quite a pleasant aroma.",
      "SecretCave.006": "It's faded and yellowed with age, the handwriting neat and precise: 'Remember that you are not alone, that there is someone who cares for you.'"
   }
}


       ]
    }