																			

{	"Mon": "610 Museum2 18 13 0/900 Town 10 94 2/1100 Forest 75 50 2 \"Strings\\schedules\\Jasper:000\"/1730 ArchaeologyHouse 22 4 2",
	"Tue": "610 Museum2 18 13 0/930 Museum2 12 13 2 Jasper_Read/1100 Forest 74 49 2/1400 Forest 21 30 1/1630 ArchaeologyHouse 22 4 2",
	"Wed": "610 Museum2 18 13 0/930 Museum2 12 13 2 Jasper_Read/1100 JojaMart 2 14 1/1300 JojaMart 8 7 0/1500 JojaMart 11 25 3/1600 Town 97 16 3/1830 ArchaeologyHouse 22 4 2",
	"JojaMart_Replacement": "SeedShop 9 27 1",
	"Thu": "610 Museum2 18 13 0/800 Town 46 57 2/1000 Mountain 45 8 1/1200 Mountain 93 26 0 \"Strings\\schedules\\Jasper:002\"/1630 ArchaeologyHouse 22 4 2",
	"Fri": "610 Museum2 18 13 0/800 Town 46 57 2/1100 Mountain 45 8 1/1320 AdventureGuild 7 12 3 \"Strings\\schedules\\Jasper:004\"/1830 ArchaeologyHouse 22 4 2",
	"Sat": "610 Museum2 18 13 0/800 Town 46 57 2/1000 Mountain 45 8 1/1300 Mine 24 11 1/1730 ArchaeologyHouse 22 4 2",
	"Sun": "610 Museum2 18 13 0/1100 Forest 70 50 2 \"Strings\\schedules\\Jasper:000\"/1400 Forest 21 30 1/1730 ArchaeologyHouse 22 4 2",
	"spring_Thu": "610 Museum2 18 13 0/800 Town 46 57/1000 Mountain 45 8 1/1230 Mountain 93 26 0/1630 ArchaeologyHouse 22 4 2",
	"rain": "610 Museum2 18 13 0/930 Museum2 12 13 2 Jasper_Read/1200 ArchaeologyHouse 13 9 0/1500 ArchaeologyHouse 13 9 2 Jasper_Read/1800 Museum2 16 4 0/2000 Museum2 18 4 2 jasper_sleep",
	"winter_17":  "610 Museum2 18 13 0/930 Museum2 12 13 2 Jasper_Read/1100 Town 77 45 3/1600 Beach 38 24 2 \"Strings\\schedules\\Jasper:winter_17.000\"/2330 ArchaeologyHouse 22 4 2"
}


