{
"loadLate": true,    

"addMaps": [   
     
      {
        "name": "FairyPool",
        "file": "assets/FairyPool.tmx"
      },
      {
        "name": "SecretCave",
        "file": "assets/SecretCave.tmx"
      }
    
  ],
  
   "mergeMaps": [
    {
      "name": "Woods", 
    "file": "assets/Woods-Patch.tmx",
    "position": [0,5] 
      }
  ],
   "onlyWarps":[
      {
        "name": "Woods", 
        "addWarps": [
          "0 11 FairyPool 39 26 0 12 FairyPool 39 27"
        ]
      },
     
    {
       "name": "SecretCave", 
       "addWarps": [
         "8 18 FairyPool 17 17"
        ]
  
      }



  ]
  }
  