{
	"festivalSpots": [  
        {
        "name": "Jasper",
        "map": "Town-EggFestival", 
        "position": [34, 57],
        "direction": 2
        },
        //SVE fine
        {
        "name": "Jasper",
        "map": "Forest-FlowerFestival", 
        "position": [4, 29],
        "direction": 2
        },
        //SVE fine
	{
        "name": "Jasper",
        "map": "Beach-Luau", 
        "position": [11, 39],
        "direction": 2
        },
        //SVE Fine
	{
        "name": "Jasper",
        "map": "Beach-Jellies", 
        "position": [88, 40],
        "direction": 2
        },
        //SVE FIne
	{
        "name": "Jasper",
        "map": "Town-Fair", 
        "position": [38, 77],
        "direction": 2
        },
        //SVE Fine
	{
        "name": "Jasper",
        "map": "Town-Halloween", 
        "position": [27, 56],
        "direction": 2
        },
        //SVE Fine
	{
        "name": "Jasper",
        "map": "Forest-IceFestival", 
        "position": [10, 44],
        "direction": 1
        },
        // NOT SVE Fine, move to 57, 32, 3
	 {
        "name": "Jasper",
        "map": "Town-Christmas", 
        "position": [33, 71],
        "direction": 1
        }
        //SVE fine

    ],  


     "spouseRooms": [
      
	{
      "name": "Jasper",
          "file": "assets/SpouseRoomJasper.tmx"
         
    }
  ], 

    "addMaps": [
          {
            "name": "Museum2",
            "file": "assets/Museum2.tbin" 
          }
      ],
    
       
    "mergeMaps": [
          {
            "name": "ArchaeologyHouse",
            "file": "assets/ArchaeologyHouse-staircaseKIM.tbin",
            "sourceArea": [ 0, 0, 6, 5 ],
            "position": [ 37, 0 ],
	"conditions": "LC Luau.hasMod('Karmylla.ImmersiveMaps')"
          },
  {
            "name": "ArchaeologyHouse",
            "file": "assets/ArchaeologyHouse-staircase.tbin",
            "sourceArea": [ 0, 0, 5, 5 ],
            "position": [ 38, 0 ],
	"conditions": "LC not Luau.hasMod('Karmylla.ImmersiveMaps')"
          }
  
        ],
  
      
"onlyWarps":
   [
    {
      "name": "ArchaeologyHouse", 
      "addWarps": [
        "41 0 Museum2 19 18"
      ]
    }
  ]

 

    }
  